0:56:40,0:57:00
0:57:05,1:12:01
1:12:37,1:13:36
1:13:48,1:14:16
1:17:37,1:22:52
1:24:17,1:24:32
1:24:32,1:24:55
1:25:09,1:26:45
1:27:18,1:27:38
1:28:00,1:28:30
1:31:25,1:31:47
1:32:37,1:32:50
1:35:26,1:35:42
1:36:31,1:36:51
1:37:19,1:38:05
1:40:26,1:40:43
1:42:20,1:43:12
1:43:46,1:44:08
1:49:00,1:49:22
1:50:24,1:50:41
1:58:01,1:58:57
2:00:10,2:01:19
2:01:54,2:02:08
2:02:14,2:04:13
2:05:09,2:08:41
2:09:29,2:10:07
2:18:14,2:19:41
2:22:26,2:24:13
2:25:00,2:25:46
2:25:48,2:25:54
2:28:30,2:28:52
2:33:07,2:33:16
2:35:01,2:35:31
2:36:14,2:37:39
2:37:39,2:39:49
2:40:05,2:40:39
2:40:50,2:42:42
2:42:41,2:42:59
2:46:14,2:47:32
2:48:22,2:48:40
2:48:42,2:51:30
2:54:12,2:57:33
3:00:35,3:01:01
3:01:21,3:10:10
3:06:07,3:06:55
3:12:35,3:12:52
3:14:07,3:14:22
3:14:29,3:15:25
3:15:25,3:16:07
3:16:47,3:16:58
3:17:29,3:23:32
3:28:00,3:30:25
3:35:55,3:37:16
3:41:15,3:43:52
3:43:20,3:43:29
3:43:54,3:44:11
3:44:22,3:50:49
3:52:08,3:52:56
3:54:08,3:54:12
3:57:17,3:57:40
3:58:33,3:59:34
4:03:17,4:04:26
4:05:05,4:05:39
4:06:18,4:08:25
4:14:20,4:14:38
4:14:40,4:15:20
4:16:28,4:16:54
4:18:07,4:25:23
4:26:12,4:30:27
4:31:21,4:32:28
4:34:00,4:35:01
4:35:06,4:37:04
4:38:45,4:39:00
4:40:49,4:42:09
4:42:36,4:42:48
4:46:34,4:49:03
4:49:00,4:49:35
4:49:37,4:50:30
4:51:43,4:52:02
4:53:20,4:53:26
4:57:47,4:58:08
5:00:34,5:00:50
5:02:12,5:04:26
5:04:47,5:05:07
5:05:09,5:05:23
5:07:37,5:07:47
5:09:39,5:09:53
5:10:09,5:10:23
5:11:41,5:12:15
5:12:32,5:13:34
5:13:43,5:13:52
5:14:18,5:15:18
5:15:33,5:16:16
5:16:17,5:16:23
5:17:41,5:18:46
5:18:53,5:21:56
5:21:59,5:22:08
5:22:46,5:23:00
5:23:02,5:23:21
5:23:55,5:24:03
5:24:32,5:25:23
5:25:26,5:25:36
5:27:29,5:27:47
5:28:58,5:30:00
5:31:04,5:31:08
5:31:21,5:32:01
5:32:28,5:33:19
5:33:22,5:34:02
5:34:43,5:35:18
5:35:42,5:35:55
5:35:38,5:36:58
5:37:00,5:37:38
5:42:26,5:43:00
5:46:51,5:46:57
5:47:24,5:47:31
5:50:25,5:53:30
5:53:39,5:53:59
5:54:23,5:55:38
5:56:06,5:56:19
5:56:54,5:57:51
6:03:23,6:03:49
6:05:30,6:06:08
6:07:42,6:09:08
6:11:36,6:13:31
6:14:35,6:14:38
6:14:44,6:15:02
6:15:32,6:18:57
6:19:46,6:20:48
6:24:38,6:30:20
6:31:32,6:35:24
6:37:46,6:46:42
6:47:08,6:47:24
6:47:58,6:49:57
6:49:58,6:50:09
6:50:14,6:50:30
6:50:55,6:51:02
6:52:10,6:53:20
6:53:20,6:53:36
6:58:38,6:59:52
7:02:14,7:02:46
7:03:04,7:03:29
7:03:42,7:04:11
7:04:29,7:04:42
7:09:08,7:09:30
7:10:22,7:10:37
7:41:11,7:43:40
7:43:44,7:44:50
7:45:23,7:46:22
7:46:57,7:48:42
7:49:48,7:50:12
7:52:12,7:52:25
7:53:54,7:54:22
7:56:20,7:57:05
7:57:40,7:57:55
7:58:21,8:02:32
8:02:39,8:04:29
8:04:30,8:05:11
8:05:14,8:05:27
8:06:40,8:06:48
8:06:53,8:08:12
8:08:10,8:08:26
8:08:25,8:08:42
8:14:25,8:17:55
8:18:30,8:19:35
8:21:23,8:22:38
8:23:57,8:24:48
8:25:00,8:25:06
8:25:10,8:26:20
8:26:28,8:27:37
8:30:43,8:30:53
8:31:00,8:32:45
8:32:48,8:35:05
8:35:07,8:36:08
8:36:10,8:36:22
8:39:21,8:41:47
8:42:50,8:43:22
8:43:44,8:44:07
8:46:35,8:47:45
8:48:19,8:49:13
8:49:14,8:49:34
8:50:46,8:51:40
8:52:02,8:53:04
8:55:47,8:56:24
8:57:01,8:58:06
8:58:08,8:58:23
8:58:59,8:59:23
9:00:21,9:00:59
9:01:44,9:05:45
9:18:27,9:21:37
9:21:48,9:22:22
9:22:34,9:23:13
9:23:29,9:23:53
9:25:10,9:26:17
9:31:18,9:34:45
9:34:55,9:35:20
9:35:44,9:36:03
9:36:18,9:37:40
9:39:29,9:39:43
9:40:36,9:40:49
9:42:30,9:43:34
9:45:27,9:45:41
9:47:01,9:48:23
9:48:52,9:48:57
9:50:34,9:50:46
9:51:57,9:52:24
10:05:57,10:07:13
10:10:08,10:10:19
10:11:58,10:13:15
10:14:44,10:15:06
10:16:12,10:18:10
10:23:52,10:24:09
10:26:02,10:26:21
10:32:36,10:34:11
10:35:22,10:36:45
10:38:07,10:38:15
10:38:54,10:39:23
10:42:32,10:42:50
10:44:30,10:45:10
10:45:51,10:50:23
10:51:22,10:52:08
10:52:44,10:53:29
10:56:39,10:57:03
10:57:06,10:57:43
10:58:02,10:58:43
10:59:07,11:01:25
11:01:54,11:02:30
11:02:35,11:03:09
11:03:10,11:03:47
11:03:48,11:04:24
11:04:47,11:04:54
11:05:47,11:08:06
11:08:27,11:08:31
11:08:44,11:09:33
11:10:05,11:10:59
11:11:00,11:11:10
11:11:41,11:13:34
11:13:45,11:14:09
11:16:34,11:17:53
11:18:06,11:24:08
11:25:05,11:25:55
11:25:56,11:26:26
11:28:22,11:28:38
11:30:16,11:30:44
11:31:14,11:31:31
11:32:01,11:32:07
11:33:22,11:34:04
11:34:06,11:36:30
11:36:46,11:38:40
11:38:41,11:39:02
11:39:10,11:39:26
11:39:27,11:41:10
11:41:12,11:41:57
11:41:58,11:43:47
11:43:50,11:44:11
11:44:13,11:44:52
11:46:00,11:46:06
11:46:50,11:47:07
11:48:00,11:48:44
11:48:52,11:49:32
11:49:50,11:50:47
11:51:21,11:55:41
11:55:55,11:57:29
11:57:32,11:58:41
11:59:49,12:02:37
12:02:57,12:04:11
12:04:22,12:06:51
12:06:55,12:08:24
12:08:24,12:09:16
12:11:41,12:11:55
12:11:56,12:14:58
12:15:22,12:15:47
12:15:48,12:17:17
12:17:52,12:18:44
12:18:59,12:19:12
12:24:04,12:28:25
12:28:51,12:30:55
12:31:03,12:33:46
12:34:12,12:34:39
12:35:09,12:35:38
12:35:58,12:36:43
12:37:35,12:39:15
12:39:36,12:39:52
12:40:12,12:42:18
12:42:25,12:43:17
12:44:23,12:45:21
12:46:49,12:47:24
12:47:27,12:47:40
12:49:49,12:50:06
12:50:13,12:50:41
12:51:19,12:53:11
12:53:14,12:54:20
12:54:24,12:56:46
12:56:53,12:57:38
12:57:55,12:58:41
12:59:08,12:59:17
12:59:20,13:02:35
13:02:43,13:03:06
13:03:23,13:04:01
13:04:11,13:04:54
13:05:08,13:05:54
13:06:27,13:08:01
13:08:44,13:09:01
13:09:15,13:09:37
13:10:11,13:10:59
13:11:45,13:12:00
13:12:12,13:12:39
13:12:50,13:14:14
13:14:52,13:15:03
13:15:25,13:17:38
13:17:43,13:18:02
13:18:33,13:19:58
13:20:32,13:21:01
13:21:39,13:22:01
13:22:26,13:22:36
13:23:02,13:23:22
13:25:06,13:26:33
13:26:54,13:27:09
13:27:23,13:29:00
13:29:24,13:30:38
13:30:46,13:31:55
13:35:39,13:35:43
13:37:17,13:38:17
13:38:19,13:40:22
13:41:54,13:42:04
13:43:05,13:44:22
13:45:19,13:46:37
13:47:03,13:47:39
13:48:31,13:49:23
13:50:15,13:50:28
13:50:50,13:52:11
13:52:16,13:52:23
13:52:44,13:52:58
13:53:02,13:54:40
13:54:52,13:55:58
13:56:30,13:58:10
13:59:50,14:02:02
14:03:12,14:03:44
